# name	legacy name (1.8 - 1.12)	legacy data	older names, newest first. Generated by scripts/material-report/generate.py
AIR	AIR	0	
STONE	STONE	0	
GRANITE	STONE	1	
POLISHED_GRANITE	STONE	2	
DIORITE	STONE	3	
POLISHED_DIORITE	STONE	4	
ANDESITE	STONE	5	
POLISHED_ANDESITE	STONE	6	
DEEPSLATE			
COBBLED_DEEPSLATE			
POLISHED_DEEPSLATE			
CALCITE			
TUFF			
TUFF_SLAB			
TUFF_STAIRS			
TUFF_WALL			
CHISELED_TUFF			
POLISHED_TUFF			
POLISHED_TUFF_SLAB			
POLISHED_TUFF_STAIRS			
POLISHED_TUFF_WALL			
TUFF_BRICKS			
TUFF_BRICK_SLAB			
TUFF_BRICK_STAIRS			
TUFF_BRICK_WALL			
CHISELED_TUFF_BRICKS			
SULFUR			
POTENT_SULFUR			
SULFUR_SLAB			
SULFUR_STAIRS			
SULFUR_WALL			
POLISHED_SULFUR			
POLISHED_SULFUR_SLAB			
POLISHED_SULFUR_STAIRS			
POLISHED_SULFUR_WALL			
SULFUR_BRICKS			
SULFUR_BRICK_SLAB			
SULFUR_BRICK_STAIRS			
SULFUR_BRICK_WALL			
CHISELED_SULFUR			
CINNABAR			
CINNABAR_SLAB			
CINNABAR_STAIRS			
CINNABAR_WALL			
POLISHED_CINNABAR			
POLISHED_CINNABAR_SLAB			
POLISHED_CINNABAR_STAIRS			
POLISHED_CINNABAR_WALL			
CINNABAR_BRICKS			
CINNABAR_BRICK_SLAB			
CINNABAR_BRICK_STAIRS			
CINNABAR_BRICK_WALL			
CHISELED_CINNABAR			
DRIPSTONE_BLOCK			
GRASS_BLOCK	GRASS	0	
DIRT	DIRT	0	
COARSE_DIRT	DIRT	1	
PODZOL	DIRT	2	
ROOTED_DIRT			
MUD			
CRIMSON_NYLIUM			
WARPED_NYLIUM			
COBBLESTONE	COBBLESTONE	0	
OAK_PLANKS	WOOD	0	
SPRUCE_PLANKS	WOOD	1	
BIRCH_PLANKS	WOOD	2	
JUNGLE_PLANKS	WOOD	3	
ACACIA_PLANKS	WOOD	4	
CHERRY_PLANKS			
DARK_OAK_PLANKS	WOOD	5	
PALE_OAK_PLANKS			
MANGROVE_PLANKS			
POPLAR_PLANKS			
BAMBOO_PLANKS			
CRIMSON_PLANKS			
WARPED_PLANKS			
BAMBOO_MOSAIC			
OAK_SAPLING	SAPLING	0	
SPRUCE_SAPLING	SAPLING	1	
BIRCH_SAPLING	SAPLING	2	
JUNGLE_SAPLING	SAPLING	3	
ACACIA_SAPLING	SAPLING	4	
CHERRY_SAPLING			
DARK_OAK_SAPLING	SAPLING	5	
PALE_OAK_SAPLING			
MANGROVE_PROPAGULE			
POPLAR_SAPLING			
BEDROCK	BEDROCK	0	
SAND	SAND	0	
SUSPICIOUS_SAND			
SUSPICIOUS_GRAVEL			
RED_SAND	SAND	1	
GRAVEL	GRAVEL	0	
COAL_ORE	COAL_ORE	0	
DEEPSLATE_COAL_ORE			
IRON_ORE	IRON_ORE	0	
DEEPSLATE_IRON_ORE			
COPPER_ORE			
DEEPSLATE_COPPER_ORE			
GOLD_ORE	GOLD_ORE	0	
DEEPSLATE_GOLD_ORE			
REDSTONE_ORE	REDSTONE_ORE	0	
DEEPSLATE_REDSTONE_ORE			
EMERALD_ORE	EMERALD_ORE	0	
DEEPSLATE_EMERALD_ORE			
LAPIS_ORE	LAPIS_ORE	0	
DEEPSLATE_LAPIS_ORE			
DIAMOND_ORE	DIAMOND_ORE	0	
DEEPSLATE_DIAMOND_ORE			
NETHER_GOLD_ORE			
NETHER_QUARTZ_ORE	QUARTZ_ORE	0	
ANCIENT_DEBRIS			
COAL_BLOCK	COAL_BLOCK	0	
RAW_IRON_BLOCK			
RAW_COPPER_BLOCK			
RAW_GOLD_BLOCK			
HEAVY_CORE			
AMETHYST_BLOCK			
BUDDING_AMETHYST			
IRON_BLOCK	IRON_BLOCK	0	
COPPER_BLOCK			
EXPOSED_COPPER			
WEATHERED_COPPER			
OXIDIZED_COPPER			
WAXED_COPPER_BLOCK			
WAXED_EXPOSED_COPPER			
WAXED_WEATHERED_COPPER			
WAXED_OXIDIZED_COPPER			
GOLD_BLOCK	GOLD_BLOCK	0	
DIAMOND_BLOCK	DIAMOND_BLOCK	0	
NETHERITE_BLOCK			
CHISELED_COPPER			
EXPOSED_CHISELED_COPPER			
WEATHERED_CHISELED_COPPER			
OXIDIZED_CHISELED_COPPER			
WAXED_CHISELED_COPPER			
WAXED_EXPOSED_CHISELED_COPPER			
WAXED_WEATHERED_CHISELED_COPPER			
WAXED_OXIDIZED_CHISELED_COPPER			
CUT_COPPER			
EXPOSED_CUT_COPPER			
WEATHERED_CUT_COPPER			
OXIDIZED_CUT_COPPER			
WAXED_CUT_COPPER			
WAXED_EXPOSED_CUT_COPPER			
WAXED_WEATHERED_CUT_COPPER			
WAXED_OXIDIZED_CUT_COPPER			
CUT_COPPER_STAIRS			
EXPOSED_CUT_COPPER_STAIRS			
WEATHERED_CUT_COPPER_STAIRS			
OXIDIZED_CUT_COPPER_STAIRS			
WAXED_CUT_COPPER_STAIRS			
WAXED_EXPOSED_CUT_COPPER_STAIRS			
WAXED_WEATHERED_CUT_COPPER_STAIRS			
WAXED_OXIDIZED_CUT_COPPER_STAIRS			
CUT_COPPER_SLAB			
EXPOSED_CUT_COPPER_SLAB			
WEATHERED_CUT_COPPER_SLAB			
OXIDIZED_CUT_COPPER_SLAB			
WAXED_CUT_COPPER_SLAB			
WAXED_EXPOSED_CUT_COPPER_SLAB			
WAXED_WEATHERED_CUT_COPPER_SLAB			
WAXED_OXIDIZED_CUT_COPPER_SLAB			
OAK_LOG	LOG	0	
SPRUCE_LOG	LOG	1	
BIRCH_LOG	LOG	2	
JUNGLE_LOG	LOG	3	
ACACIA_LOG	LOG_2	0	
CHERRY_LOG			
PALE_OAK_LOG			
DARK_OAK_LOG	LOG_2	1	
MANGROVE_LOG			
POPLAR_LOG			
MANGROVE_ROOTS			
MUDDY_MANGROVE_ROOTS			
CRIMSON_STEM			
WARPED_STEM			
BAMBOO_BLOCK			
STRIPPED_OAK_LOG			
STRIPPED_SPRUCE_LOG			
STRIPPED_BIRCH_LOG			
STRIPPED_JUNGLE_LOG			
STRIPPED_ACACIA_LOG			
STRIPPED_CHERRY_LOG			
STRIPPED_DARK_OAK_LOG			
STRIPPED_PALE_OAK_LOG			
STRIPPED_MANGROVE_LOG			
STRIPPED_POPLAR_LOG			
STRIPPED_CRIMSON_STEM			
STRIPPED_WARPED_STEM			
STRIPPED_OAK_WOOD			
STRIPPED_SPRUCE_WOOD			
STRIPPED_BIRCH_WOOD			
STRIPPED_JUNGLE_WOOD			
STRIPPED_ACACIA_WOOD			
STRIPPED_CHERRY_WOOD			
STRIPPED_DARK_OAK_WOOD			
STRIPPED_PALE_OAK_WOOD			
STRIPPED_MANGROVE_WOOD			
STRIPPED_POPLAR_WOOD			
STRIPPED_CRIMSON_HYPHAE			
STRIPPED_WARPED_HYPHAE			
STRIPPED_BAMBOO_BLOCK			
OAK_WOOD			
SPRUCE_WOOD			
BIRCH_WOOD			
JUNGLE_WOOD			
ACACIA_WOOD			
CHERRY_WOOD			
PALE_OAK_WOOD			
DARK_OAK_WOOD			
MANGROVE_WOOD			
POPLAR_WOOD			
CRIMSON_HYPHAE			
WARPED_HYPHAE			
OAK_LEAVES	LEAVES	0	
SPRUCE_LEAVES	LEAVES	1	
BIRCH_LEAVES	LEAVES	2	
JUNGLE_LEAVES	LEAVES	3	
ACACIA_LEAVES	LEAVES_2	0	
CHERRY_LEAVES			
DARK_OAK_LEAVES	LEAVES_2	1	
PALE_OAK_LEAVES			
MANGROVE_LEAVES			
RED_POPLAR_LEAVES			
ORANGE_POPLAR_LEAVES			
YELLOW_POPLAR_LEAVES			
AZALEA_LEAVES			
FLOWERING_AZALEA_LEAVES			
SPONGE	SPONGE	0	
WET_SPONGE	SPONGE	1	
GLASS	GLASS	0	
TINTED_GLASS			
LAPIS_BLOCK	LAPIS_BLOCK	0	
SANDSTONE	SANDSTONE	0	
CHISELED_SANDSTONE	SANDSTONE	1	
CUT_SANDSTONE	SANDSTONE	2	
COBWEB	WEB	0	
SHORT_GRASS	LONG_GRASS	1	GRASS
FERN	LONG_GRASS	2	
BUSH			
RED_SHRUB			
AZALEA			
FLOWERING_AZALEA			
DEAD_BUSH	LONG_GRASS	0	
FIREFLY_BUSH			
SHORT_DRY_GRASS			
TALL_DRY_GRASS			
SEAGRASS			
SEA_PICKLE			
WHITE_WOOL	WOOL	0	
ORANGE_WOOL	WOOL	1	
MAGENTA_WOOL	WOOL	2	
LIGHT_BLUE_WOOL	WOOL	3	
YELLOW_WOOL	WOOL	4	
LIME_WOOL	WOOL	5	
PINK_WOOL	WOOL	6	
GRAY_WOOL	WOOL	7	
LIGHT_GRAY_WOOL	WOOL	8	
CYAN_WOOL	WOOL	9	
PURPLE_WOOL	WOOL	10	
BLUE_WOOL	WOOL	11	
BROWN_WOOL	WOOL	12	
GREEN_WOOL	WOOL	13	
RED_WOOL	WOOL	14	
BLACK_WOOL	WOOL	15	
WHITE_WOOL_STAIRS			
ORANGE_WOOL_STAIRS			
MAGENTA_WOOL_STAIRS			
LIGHT_BLUE_WOOL_STAIRS			
YELLOW_WOOL_STAIRS			
LIME_WOOL_STAIRS			
PINK_WOOL_STAIRS			
GRAY_WOOL_STAIRS			
LIGHT_GRAY_WOOL_STAIRS			
CYAN_WOOL_STAIRS			
PURPLE_WOOL_STAIRS			
BLUE_WOOL_STAIRS			
BROWN_WOOL_STAIRS			
GREEN_WOOL_STAIRS			
RED_WOOL_STAIRS			
BLACK_WOOL_STAIRS			
WHITE_WOOL_SLAB			
ORANGE_WOOL_SLAB			
MAGENTA_WOOL_SLAB			
LIGHT_BLUE_WOOL_SLAB			
YELLOW_WOOL_SLAB			
LIME_WOOL_SLAB			
PINK_WOOL_SLAB			
GRAY_WOOL_SLAB			
LIGHT_GRAY_WOOL_SLAB			
CYAN_WOOL_SLAB			
PURPLE_WOOL_SLAB			
BLUE_WOOL_SLAB			
BROWN_WOOL_SLAB			
GREEN_WOOL_SLAB			
RED_WOOL_SLAB			
BLACK_WOOL_SLAB			
DANDELION	YELLOW_FLOWER	0	
GOLDEN_DANDELION			
OPEN_EYEBLOSSOM			
CLOSED_EYEBLOSSOM			
POPPY	RED_ROSE	0	
BLUE_ORCHID	RED_ROSE	1	
ALLIUM	RED_ROSE	2	
AZURE_BLUET	RED_ROSE	3	
RED_TULIP	RED_ROSE	4	
ORANGE_TULIP	RED_ROSE	5	
WHITE_TULIP	RED_ROSE	6	
PINK_TULIP	RED_ROSE	7	
OXEYE_DAISY	RED_ROSE	8	
CORNFLOWER			
LILY_OF_THE_VALLEY			
WITHER_ROSE			
TORCHFLOWER			
PITCHER_PLANT			
SPORE_BLOSSOM			
BROWN_MUSHROOM	BROWN_MUSHROOM	0	
RED_MUSHROOM	RED_MUSHROOM	0	
SHELF_MUSHROOM			
CRIMSON_FUNGUS			
WARPED_FUNGUS			
CRIMSON_ROOTS			
WARPED_ROOTS			
NETHER_SPROUTS			
WEEPING_VINES			
TWISTING_VINES			
SUGAR_CANE	SUGAR_CANE	0	
KELP			
PINK_PETALS			
WILDFLOWERS			
LEAF_LITTER			
MOSS_CARPET			
MOSS_BLOCK			
PALE_MOSS_CARPET			
PALE_HANGING_MOSS			
PALE_MOSS_BLOCK			
HANGING_ROOTS			
BIG_DRIPLEAF			
SMALL_DRIPLEAF			
BAMBOO			
OAK_SLAB	WOOD_STEP	0	
SPRUCE_SLAB	WOOD_STEP	1	
BIRCH_SLAB	WOOD_STEP	2	
JUNGLE_SLAB	WOOD_STEP	3	
ACACIA_SLAB	WOOD_STEP	4	
CHERRY_SLAB			
DARK_OAK_SLAB	WOOD_STEP	5	
PALE_OAK_SLAB			
MANGROVE_SLAB			
POPLAR_SLAB			
BAMBOO_SLAB			
BAMBOO_MOSAIC_SLAB			
CRIMSON_SLAB			
WARPED_SLAB			
STONE_SLAB	STEP	0	
SMOOTH_STONE_SLAB			
SANDSTONE_SLAB	STEP	1	
CUT_SANDSTONE_SLAB			
PETRIFIED_OAK_SLAB	STEP	2	
COBBLESTONE_SLAB	STEP	3	
BRICK_SLAB	STEP	4	
STONE_BRICK_SLAB	STEP	5	
MUD_BRICK_SLAB			
NETHER_BRICK_SLAB	STEP	6	
QUARTZ_SLAB	STEP	7	
RED_SANDSTONE_SLAB	STONE_SLAB2	0	
CUT_RED_SANDSTONE_SLAB			
PURPUR_SLAB	PURPUR_SLAB	0	
PRISMARINE_SLAB			
PRISMARINE_BRICK_SLAB			
DARK_PRISMARINE_SLAB			
SMOOTH_QUARTZ	DOUBLE_STEP	15	
SMOOTH_RED_SANDSTONE	DOUBLE_STONE_SLAB2	8	
SMOOTH_SANDSTONE	DOUBLE_STEP	9	
SMOOTH_STONE	DOUBLE_STEP	8	
BRICKS	BRICK	0	
ACACIA_SHELF			
BAMBOO_SHELF			
BIRCH_SHELF			
CHERRY_SHELF			
CRIMSON_SHELF			
DARK_OAK_SHELF			
JUNGLE_SHELF			
MANGROVE_SHELF			
POPLAR_SHELF			
OAK_SHELF			
PALE_OAK_SHELF			
SPRUCE_SHELF			
WARPED_SHELF			
BOOKSHELF	BOOKSHELF	0	
CHISELED_BOOKSHELF			
DECORATED_POT			
MOSSY_COBBLESTONE	MOSSY_COBBLESTONE	0	
OBSIDIAN	OBSIDIAN	0	
TORCH	TORCH	0	
END_ROD	END_ROD	0	
CHORUS_PLANT	CHORUS_PLANT	0	
CHORUS_FLOWER	CHORUS_FLOWER	0	
PURPUR_BLOCK	PURPUR_BLOCK	0	
PURPUR_PILLAR	PURPUR_PILLAR	0	
PURPUR_STAIRS	PURPUR_STAIRS	0	
SPAWNER	MOB_SPAWNER	0	
CREAKING_HEART			
CHEST	CHEST	0	
CRAFTING_TABLE	WORKBENCH	0	
FARMLAND	SOIL	0	
FURNACE	FURNACE	0	
LADDER	LADDER	0	
COBBLESTONE_STAIRS	COBBLESTONE_STAIRS	0	
SNOW	SNOW	0	
ICE	ICE	0	
SNOW_BLOCK	SNOW_BLOCK	0	
CACTUS	CACTUS	0	
CACTUS_FLOWER			
CLAY	CLAY	0	
JUKEBOX	JUKEBOX	0	
OAK_FENCE	FENCE	0	
SPRUCE_FENCE	SPRUCE_FENCE	0	
BIRCH_FENCE	BIRCH_FENCE	0	
JUNGLE_FENCE	JUNGLE_FENCE	0	
ACACIA_FENCE	ACACIA_FENCE	0	
CHERRY_FENCE			
DARK_OAK_FENCE	DARK_OAK_FENCE	0	
PALE_OAK_FENCE			
MANGROVE_FENCE			
POPLAR_FENCE			
BAMBOO_FENCE			
CRIMSON_FENCE			
WARPED_FENCE			
PUMPKIN			
CARVED_PUMPKIN	PUMPKIN	0	
JACK_O_LANTERN	JACK_O_LANTERN	0	
NETHERRACK	NETHERRACK	0	
SOUL_SAND	SOUL_SAND	0	
SOUL_SOIL			
BASALT			
POLISHED_BASALT			
SMOOTH_BASALT			
SOUL_TORCH			
COPPER_TORCH			
GLOWSTONE	GLOWSTONE	0	
INFESTED_STONE	MONSTER_EGGS	0	
INFESTED_COBBLESTONE	MONSTER_EGGS	1	
INFESTED_STONE_BRICKS	MONSTER_EGGS	2	
INFESTED_MOSSY_STONE_BRICKS	MONSTER_EGGS	3	
INFESTED_CRACKED_STONE_BRICKS	MONSTER_EGGS	4	
INFESTED_CHISELED_STONE_BRICKS	MONSTER_EGGS	5	
INFESTED_DEEPSLATE			
STONE_BRICKS	SMOOTH_BRICK	0	
MOSSY_STONE_BRICKS	SMOOTH_BRICK	1	
CRACKED_STONE_BRICKS	SMOOTH_BRICK	2	
CHISELED_STONE_BRICKS	SMOOTH_BRICK	3	
PACKED_MUD			
MUD_BRICKS			
DEEPSLATE_BRICKS			
CRACKED_DEEPSLATE_BRICKS			
DEEPSLATE_TILES			
CRACKED_DEEPSLATE_TILES			
CHISELED_DEEPSLATE			
REINFORCED_DEEPSLATE			
BROWN_MUSHROOM_BLOCK	HUGE_MUSHROOM_1	0	
RED_MUSHROOM_BLOCK	HUGE_MUSHROOM_2	0	
MUSHROOM_STEM	HUGE_MUSHROOM_1	10	
IRON_BARS	IRON_FENCE	0	
COPPER_BARS			
EXPOSED_COPPER_BARS			
WEATHERED_COPPER_BARS			
OXIDIZED_COPPER_BARS			
WAXED_COPPER_BARS			
WAXED_EXPOSED_COPPER_BARS			
WAXED_WEATHERED_COPPER_BARS			
WAXED_OXIDIZED_COPPER_BARS			
IRON_CHAIN			CHAIN
COPPER_CHAIN			
EXPOSED_COPPER_CHAIN			
WEATHERED_COPPER_CHAIN			
OXIDIZED_COPPER_CHAIN			
WAXED_COPPER_CHAIN			
WAXED_EXPOSED_COPPER_CHAIN			
WAXED_WEATHERED_COPPER_CHAIN			
WAXED_OXIDIZED_COPPER_CHAIN			
GLASS_PANE	THIN_GLASS	0	
MELON	MELON_BLOCK	0	
VINE	VINE	0	
GLOW_LICHEN			
RESIN_CLUMP			
RESIN_BLOCK			
RESIN_BRICKS			
RESIN_BRICK_STAIRS			
RESIN_BRICK_SLAB			
RESIN_BRICK_WALL			
CHISELED_RESIN_BRICKS			
BRICK_STAIRS	BRICK_STAIRS	0	
STONE_BRICK_STAIRS	SMOOTH_STAIRS	0	
MUD_BRICK_STAIRS			
MYCELIUM	MYCEL	0	
LILY_PAD	WATER_LILY	0	
NETHER_BRICKS	NETHER_BRICK	0	
CRACKED_NETHER_BRICKS			
CHISELED_NETHER_BRICKS			
NETHER_BRICK_FENCE	NETHER_FENCE	0	
NETHER_BRICK_STAIRS	NETHER_BRICK_STAIRS	0	
SCULK			
SCULK_VEIN			
SCULK_CATALYST			
SCULK_SHRIEKER			
ENCHANTING_TABLE	ENCHANTMENT_TABLE	0	
END_PORTAL_FRAME	ENDER_PORTAL_FRAME	0	
END_STONE	ENDER_STONE	0	
END_STONE_BRICKS	END_BRICKS	0	
DRAGON_EGG	DRAGON_EGG	0	
SANDSTONE_STAIRS	SANDSTONE_STAIRS	0	
ENDER_CHEST	ENDER_CHEST	0	
EMERALD_BLOCK	EMERALD_BLOCK	0	
OAK_STAIRS	WOOD_STAIRS	0	
SPRUCE_STAIRS	SPRUCE_WOOD_STAIRS	0	
BIRCH_STAIRS	BIRCH_WOOD_STAIRS	0	
JUNGLE_STAIRS	JUNGLE_WOOD_STAIRS	0	
ACACIA_STAIRS	ACACIA_STAIRS	0	
CHERRY_STAIRS			
DARK_OAK_STAIRS	DARK_OAK_STAIRS	0	
PALE_OAK_STAIRS			
MANGROVE_STAIRS			
POPLAR_STAIRS			
BAMBOO_STAIRS			
BAMBOO_MOSAIC_STAIRS			
CRIMSON_STAIRS			
WARPED_STAIRS			
COMMAND_BLOCK	COMMAND	0	
BEACON	BEACON	0	
COBBLESTONE_WALL	COBBLE_WALL	0	
MOSSY_COBBLESTONE_WALL	COBBLE_WALL	1	
BRICK_WALL			
PRISMARINE_WALL			
RED_SANDSTONE_WALL			
MOSSY_STONE_BRICK_WALL			
GRANITE_WALL			
STONE_BRICK_WALL			
MUD_BRICK_WALL			
NETHER_BRICK_WALL			
ANDESITE_WALL			
RED_NETHER_BRICK_WALL			
SANDSTONE_WALL			
END_STONE_BRICK_WALL			
DIORITE_WALL			
BLACKSTONE_WALL			
POLISHED_BLACKSTONE_WALL			
POLISHED_BLACKSTONE_BRICK_WALL			
COBBLED_DEEPSLATE_WALL			
POLISHED_DEEPSLATE_WALL			
DEEPSLATE_BRICK_WALL			
DEEPSLATE_TILE_WALL			
ANVIL	ANVIL	0	
CHIPPED_ANVIL	ANVIL	1	
DAMAGED_ANVIL	ANVIL	2	
CHISELED_QUARTZ_BLOCK	QUARTZ_BLOCK	1	
QUARTZ_BLOCK	QUARTZ_BLOCK	0	
QUARTZ_BRICKS			
QUARTZ_PILLAR	QUARTZ_BLOCK	2	
QUARTZ_STAIRS	QUARTZ_STAIRS	0	
WHITE_TERRACOTTA	STAINED_CLAY	0	
ORANGE_TERRACOTTA	STAINED_CLAY	1	
MAGENTA_TERRACOTTA	STAINED_CLAY	2	
LIGHT_BLUE_TERRACOTTA	STAINED_CLAY	3	
YELLOW_TERRACOTTA	STAINED_CLAY	4	
LIME_TERRACOTTA	STAINED_CLAY	5	
PINK_TERRACOTTA	STAINED_CLAY	6	
GRAY_TERRACOTTA	STAINED_CLAY	7	
LIGHT_GRAY_TERRACOTTA	STAINED_CLAY	8	
CYAN_TERRACOTTA	STAINED_CLAY	9	
PURPLE_TERRACOTTA	STAINED_CLAY	10	
BLUE_TERRACOTTA	STAINED_CLAY	11	
BROWN_TERRACOTTA	STAINED_CLAY	12	
GREEN_TERRACOTTA	STAINED_CLAY	13	
RED_TERRACOTTA	STAINED_CLAY	14	
BLACK_TERRACOTTA	STAINED_CLAY	15	
BARRIER	BARRIER	0	
LIGHT			
HAY_BLOCK	HAY_BLOCK	0	
WHITE_CARPET	CARPET	0	
ORANGE_CARPET	CARPET	1	
MAGENTA_CARPET	CARPET	2	
LIGHT_BLUE_CARPET	CARPET	3	
YELLOW_CARPET	CARPET	4	
LIME_CARPET	CARPET	5	
PINK_CARPET	CARPET	6	
GRAY_CARPET	CARPET	7	
LIGHT_GRAY_CARPET	CARPET	8	
CYAN_CARPET	CARPET	9	
PURPLE_CARPET	CARPET	10	
BLUE_CARPET	CARPET	11	
BROWN_CARPET	CARPET	12	
GREEN_CARPET	CARPET	13	
RED_CARPET	CARPET	14	
BLACK_CARPET	CARPET	15	
TERRACOTTA	HARD_CLAY	0	
PACKED_ICE	PACKED_ICE	0	
DIRT_PATH	GRASS_PATH	0	GRASS_PATH
SUNFLOWER	DOUBLE_PLANT	0	
LILAC	DOUBLE_PLANT	1	
ROSE_BUSH	DOUBLE_PLANT	4	
PEONY	DOUBLE_PLANT	5	
TALL_GRASS	DOUBLE_PLANT	2	
LARGE_FERN	DOUBLE_PLANT	3	
WHITE_STAINED_GLASS	STAINED_GLASS	0	
ORANGE_STAINED_GLASS	STAINED_GLASS	1	
MAGENTA_STAINED_GLASS	STAINED_GLASS	2	
LIGHT_BLUE_STAINED_GLASS	STAINED_GLASS	3	
YELLOW_STAINED_GLASS	STAINED_GLASS	4	
LIME_STAINED_GLASS	STAINED_GLASS	5	
PINK_STAINED_GLASS	STAINED_GLASS	6	
GRAY_STAINED_GLASS	STAINED_GLASS	7	
LIGHT_GRAY_STAINED_GLASS	STAINED_GLASS	8	
CYAN_STAINED_GLASS	STAINED_GLASS	9	
PURPLE_STAINED_GLASS	STAINED_GLASS	10	
BLUE_STAINED_GLASS	STAINED_GLASS	11	
BROWN_STAINED_GLASS	STAINED_GLASS	12	
GREEN_STAINED_GLASS	STAINED_GLASS	13	
RED_STAINED_GLASS	STAINED_GLASS	14	
BLACK_STAINED_GLASS	STAINED_GLASS	15	
WHITE_STAINED_GLASS_PANE	STAINED_GLASS_PANE	0	
ORANGE_STAINED_GLASS_PANE	STAINED_GLASS_PANE	1	
MAGENTA_STAINED_GLASS_PANE	STAINED_GLASS_PANE	2	
LIGHT_BLUE_STAINED_GLASS_PANE	STAINED_GLASS_PANE	3	
YELLOW_STAINED_GLASS_PANE	STAINED_GLASS_PANE	4	
LIME_STAINED_GLASS_PANE	STAINED_GLASS_PANE	5	
PINK_STAINED_GLASS_PANE	STAINED_GLASS_PANE	6	
GRAY_STAINED_GLASS_PANE	STAINED_GLASS_PANE	7	
LIGHT_GRAY_STAINED_GLASS_PANE	STAINED_GLASS_PANE	8	
CYAN_STAINED_GLASS_PANE	STAINED_GLASS_PANE	9	
PURPLE_STAINED_GLASS_PANE	STAINED_GLASS_PANE	10	
BLUE_STAINED_GLASS_PANE	STAINED_GLASS_PANE	11	
BROWN_STAINED_GLASS_PANE	STAINED_GLASS_PANE	12	
GREEN_STAINED_GLASS_PANE	STAINED_GLASS_PANE	13	
RED_STAINED_GLASS_PANE	STAINED_GLASS_PANE	14	
BLACK_STAINED_GLASS_PANE	STAINED_GLASS_PANE	15	
PRISMARINE	PRISMARINE	0	
PRISMARINE_BRICKS	PRISMARINE	1	
DARK_PRISMARINE	PRISMARINE	2	
PRISMARINE_STAIRS			
PRISMARINE_BRICK_STAIRS			
DARK_PRISMARINE_STAIRS			
SEA_LANTERN	SEA_LANTERN	0	
RED_SANDSTONE	RED_SANDSTONE	0	
CHISELED_RED_SANDSTONE	RED_SANDSTONE	1	
CUT_RED_SANDSTONE	RED_SANDSTONE	2	
RED_SANDSTONE_STAIRS	RED_SANDSTONE_STAIRS	0	
REPEATING_COMMAND_BLOCK	COMMAND_REPEATING	0	
CHAIN_COMMAND_BLOCK	COMMAND_CHAIN	0	
MAGMA_BLOCK	MAGMA	0	
NETHER_WART_BLOCK	NETHER_WART_BLOCK	0	
WARPED_WART_BLOCK			
RED_NETHER_BRICKS	RED_NETHER_BRICK	0	
BONE_BLOCK	BONE_BLOCK	0	
STRUCTURE_VOID	STRUCTURE_VOID	0	
SHULKER_BOX			
WHITE_SHULKER_BOX	WHITE_SHULKER_BOX	0	
ORANGE_SHULKER_BOX	ORANGE_SHULKER_BOX	0	
MAGENTA_SHULKER_BOX	MAGENTA_SHULKER_BOX	0	
LIGHT_BLUE_SHULKER_BOX	LIGHT_BLUE_SHULKER_BOX	0	
YELLOW_SHULKER_BOX	YELLOW_SHULKER_BOX	0	
LIME_SHULKER_BOX	LIME_SHULKER_BOX	0	
PINK_SHULKER_BOX	PINK_SHULKER_BOX	0	
GRAY_SHULKER_BOX	GRAY_SHULKER_BOX	0	
LIGHT_GRAY_SHULKER_BOX	SILVER_SHULKER_BOX	0	
CYAN_SHULKER_BOX	CYAN_SHULKER_BOX	0	
PURPLE_SHULKER_BOX	PURPLE_SHULKER_BOX	0	
BLUE_SHULKER_BOX	BLUE_SHULKER_BOX	0	
BROWN_SHULKER_BOX	BROWN_SHULKER_BOX	0	
GREEN_SHULKER_BOX	GREEN_SHULKER_BOX	0	
RED_SHULKER_BOX	RED_SHULKER_BOX	0	
BLACK_SHULKER_BOX	BLACK_SHULKER_BOX	0	
WHITE_GLAZED_TERRACOTTA	WHITE_GLAZED_TERRACOTTA	0	
ORANGE_GLAZED_TERRACOTTA	ORANGE_GLAZED_TERRACOTTA	0	
MAGENTA_GLAZED_TERRACOTTA	MAGENTA_GLAZED_TERRACOTTA	0	
LIGHT_BLUE_GLAZED_TERRACOTTA	LIGHT_BLUE_GLAZED_TERRACOTTA	0	
YELLOW_GLAZED_TERRACOTTA	YELLOW_GLAZED_TERRACOTTA	0	
LIME_GLAZED_TERRACOTTA	LIME_GLAZED_TERRACOTTA	0	
PINK_GLAZED_TERRACOTTA	PINK_GLAZED_TERRACOTTA	0	
GRAY_GLAZED_TERRACOTTA	GRAY_GLAZED_TERRACOTTA	0	
LIGHT_GRAY_GLAZED_TERRACOTTA	SILVER_GLAZED_TERRACOTTA	0	
CYAN_GLAZED_TERRACOTTA	CYAN_GLAZED_TERRACOTTA	0	
PURPLE_GLAZED_TERRACOTTA	PURPLE_GLAZED_TERRACOTTA	0	
BLUE_GLAZED_TERRACOTTA	BLUE_GLAZED_TERRACOTTA	0	
BROWN_GLAZED_TERRACOTTA	BROWN_GLAZED_TERRACOTTA	0	
GREEN_GLAZED_TERRACOTTA	GREEN_GLAZED_TERRACOTTA	0	
RED_GLAZED_TERRACOTTA	RED_GLAZED_TERRACOTTA	0	
BLACK_GLAZED_TERRACOTTA	BLACK_GLAZED_TERRACOTTA	0	
WHITE_CONCRETE	CONCRETE	0	
ORANGE_CONCRETE	CONCRETE	1	
MAGENTA_CONCRETE	CONCRETE	2	
LIGHT_BLUE_CONCRETE	CONCRETE	3	
YELLOW_CONCRETE	CONCRETE	4	
LIME_CONCRETE	CONCRETE	5	
PINK_CONCRETE	CONCRETE	6	
GRAY_CONCRETE	CONCRETE	7	
LIGHT_GRAY_CONCRETE	CONCRETE	8	
CYAN_CONCRETE	CONCRETE	9	
PURPLE_CONCRETE	CONCRETE	10	
BLUE_CONCRETE	CONCRETE	11	
BROWN_CONCRETE	CONCRETE	12	
GREEN_CONCRETE	CONCRETE	13	
RED_CONCRETE	CONCRETE	14	
BLACK_CONCRETE	CONCRETE	15	
WHITE_CONCRETE_STAIRS			
ORANGE_CONCRETE_STAIRS			
MAGENTA_CONCRETE_STAIRS			
LIGHT_BLUE_CONCRETE_STAIRS			
YELLOW_CONCRETE_STAIRS			
LIME_CONCRETE_STAIRS			
PINK_CONCRETE_STAIRS			
GRAY_CONCRETE_STAIRS			
LIGHT_GRAY_CONCRETE_STAIRS			
CYAN_CONCRETE_STAIRS			
PURPLE_CONCRETE_STAIRS			
BLUE_CONCRETE_STAIRS			
BROWN_CONCRETE_STAIRS			
GREEN_CONCRETE_STAIRS			
RED_CONCRETE_STAIRS			
BLACK_CONCRETE_STAIRS			
WHITE_CONCRETE_SLAB			
ORANGE_CONCRETE_SLAB			
MAGENTA_CONCRETE_SLAB			
LIGHT_BLUE_CONCRETE_SLAB			
YELLOW_CONCRETE_SLAB			
LIME_CONCRETE_SLAB			
PINK_CONCRETE_SLAB			
GRAY_CONCRETE_SLAB			
LIGHT_GRAY_CONCRETE_SLAB			
CYAN_CONCRETE_SLAB			
PURPLE_CONCRETE_SLAB			
BLUE_CONCRETE_SLAB			
BROWN_CONCRETE_SLAB			
GREEN_CONCRETE_SLAB			
RED_CONCRETE_SLAB			
BLACK_CONCRETE_SLAB			
WHITE_CONCRETE_POWDER	CONCRETE_POWDER	0	
ORANGE_CONCRETE_POWDER	CONCRETE_POWDER	1	
MAGENTA_CONCRETE_POWDER	CONCRETE_POWDER	2	
LIGHT_BLUE_CONCRETE_POWDER	CONCRETE_POWDER	3	
YELLOW_CONCRETE_POWDER	CONCRETE_POWDER	4	
LIME_CONCRETE_POWDER	CONCRETE_POWDER	5	
PINK_CONCRETE_POWDER	CONCRETE_POWDER	6	
GRAY_CONCRETE_POWDER	CONCRETE_POWDER	7	
LIGHT_GRAY_CONCRETE_POWDER	CONCRETE_POWDER	8	
CYAN_CONCRETE_POWDER	CONCRETE_POWDER	9	
PURPLE_CONCRETE_POWDER	CONCRETE_POWDER	10	
BLUE_CONCRETE_POWDER	CONCRETE_POWDER	11	
BROWN_CONCRETE_POWDER	CONCRETE_POWDER	12	
GREEN_CONCRETE_POWDER	CONCRETE_POWDER	13	
RED_CONCRETE_POWDER	CONCRETE_POWDER	14	
BLACK_CONCRETE_POWDER	CONCRETE_POWDER	15	
TURTLE_EGG			
SNIFFER_EGG			
DRIED_GHAST			
DEAD_TUBE_CORAL_BLOCK			
DEAD_BRAIN_CORAL_BLOCK			
DEAD_BUBBLE_CORAL_BLOCK			
DEAD_FIRE_CORAL_BLOCK			
DEAD_HORN_CORAL_BLOCK			
TUBE_CORAL_BLOCK			
BRAIN_CORAL_BLOCK			
BUBBLE_CORAL_BLOCK			
FIRE_CORAL_BLOCK			
HORN_CORAL_BLOCK			
TUBE_CORAL			
BRAIN_CORAL			
BUBBLE_CORAL			
FIRE_CORAL			
HORN_CORAL			
DEAD_BRAIN_CORAL			
DEAD_BUBBLE_CORAL			
DEAD_FIRE_CORAL			
DEAD_HORN_CORAL			
DEAD_TUBE_CORAL			
TUBE_CORAL_FAN			
BRAIN_CORAL_FAN			
BUBBLE_CORAL_FAN			
FIRE_CORAL_FAN			
HORN_CORAL_FAN			
DEAD_TUBE_CORAL_FAN			
DEAD_BRAIN_CORAL_FAN			
DEAD_BUBBLE_CORAL_FAN			
DEAD_FIRE_CORAL_FAN			
DEAD_HORN_CORAL_FAN			
BLUE_ICE			
CONDUIT			
POLISHED_GRANITE_STAIRS			
SMOOTH_RED_SANDSTONE_STAIRS			
MOSSY_STONE_BRICK_STAIRS			
POLISHED_DIORITE_STAIRS			
MOSSY_COBBLESTONE_STAIRS			
END_STONE_BRICK_STAIRS			
STONE_STAIRS			
SMOOTH_SANDSTONE_STAIRS			
SMOOTH_QUARTZ_STAIRS			
GRANITE_STAIRS			
ANDESITE_STAIRS			
RED_NETHER_BRICK_STAIRS			
POLISHED_ANDESITE_STAIRS			
DIORITE_STAIRS			
COBBLED_DEEPSLATE_STAIRS			
POLISHED_DEEPSLATE_STAIRS			
DEEPSLATE_BRICK_STAIRS			
DEEPSLATE_TILE_STAIRS			
POLISHED_GRANITE_SLAB			
SMOOTH_RED_SANDSTONE_SLAB			
MOSSY_STONE_BRICK_SLAB			
POLISHED_DIORITE_SLAB			
MOSSY_COBBLESTONE_SLAB			
END_STONE_BRICK_SLAB			
SMOOTH_SANDSTONE_SLAB			
SMOOTH_QUARTZ_SLAB			
GRANITE_SLAB			
ANDESITE_SLAB			
RED_NETHER_BRICK_SLAB			
POLISHED_ANDESITE_SLAB			
DIORITE_SLAB			
COBBLED_DEEPSLATE_SLAB			
POLISHED_DEEPSLATE_SLAB			
DEEPSLATE_BRICK_SLAB			
DEEPSLATE_TILE_SLAB			
SCAFFOLDING			
REDSTONE	REDSTONE	0	
REDSTONE_TORCH	REDSTONE_TORCH_ON	0	
REDSTONE_BLOCK	REDSTONE_BLOCK	0	
REPEATER	DIODE	0	
COMPARATOR	REDSTONE_COMPARATOR	0	
PISTON	PISTON_BASE	0	
STICKY_PISTON	PISTON_STICKY_BASE	0	
SLIME_BLOCK	SLIME_BLOCK	0	
HONEY_BLOCK			
OBSERVER	OBSERVER	0	
HOPPER	HOPPER	0	
DISPENSER	DISPENSER	0	
DROPPER	DROPPER	0	
LECTERN			
TARGET			
LEVER	LEVER	0	
LIGHTNING_ROD			
EXPOSED_LIGHTNING_ROD			
WEATHERED_LIGHTNING_ROD			
OXIDIZED_LIGHTNING_ROD			
WAXED_LIGHTNING_ROD			
WAXED_EXPOSED_LIGHTNING_ROD			
WAXED_WEATHERED_LIGHTNING_ROD			
WAXED_OXIDIZED_LIGHTNING_ROD			
DAYLIGHT_DETECTOR	DAYLIGHT_DETECTOR	0	
SCULK_SENSOR			
CALIBRATED_SCULK_SENSOR			
TRIPWIRE_HOOK	TRIPWIRE_HOOK	0	
TRAPPED_CHEST	TRAPPED_CHEST	0	
TNT	TNT	0	
REDSTONE_LAMP	REDSTONE_LAMP_OFF	0	
NOTE_BLOCK	NOTE_BLOCK	0	
STONE_BUTTON	STONE_BUTTON	0	
POLISHED_BLACKSTONE_BUTTON			
OAK_BUTTON	WOOD_BUTTON	0	
SPRUCE_BUTTON			
BIRCH_BUTTON			
JUNGLE_BUTTON			
ACACIA_BUTTON			
CHERRY_BUTTON			
DARK_OAK_BUTTON			
PALE_OAK_BUTTON			
MANGROVE_BUTTON			
POPLAR_BUTTON			
BAMBOO_BUTTON			
CRIMSON_BUTTON			
WARPED_BUTTON			
STONE_PRESSURE_PLATE	STONE_PLATE	0	
POLISHED_BLACKSTONE_PRESSURE_PLATE			
LIGHT_WEIGHTED_PRESSURE_PLATE	GOLD_PLATE	0	
HEAVY_WEIGHTED_PRESSURE_PLATE	IRON_PLATE	0	
OAK_PRESSURE_PLATE	WOOD_PLATE	0	
SPRUCE_PRESSURE_PLATE			
BIRCH_PRESSURE_PLATE			
JUNGLE_PRESSURE_PLATE			
ACACIA_PRESSURE_PLATE			
CHERRY_PRESSURE_PLATE			
DARK_OAK_PRESSURE_PLATE			
PALE_OAK_PRESSURE_PLATE			
MANGROVE_PRESSURE_PLATE			
POPLAR_PRESSURE_PLATE			
BAMBOO_PRESSURE_PLATE			
CRIMSON_PRESSURE_PLATE			
WARPED_PRESSURE_PLATE			
IRON_DOOR	IRON_DOOR	0	
OAK_DOOR	WOOD_DOOR	0	
SPRUCE_DOOR	SPRUCE_DOOR_ITEM	0	
BIRCH_DOOR	BIRCH_DOOR_ITEM	0	
JUNGLE_DOOR	JUNGLE_DOOR_ITEM	0	
ACACIA_DOOR	ACACIA_DOOR_ITEM	0	
CHERRY_DOOR			
DARK_OAK_DOOR	DARK_OAK_DOOR_ITEM	0	
PALE_OAK_DOOR			
MANGROVE_DOOR			
POPLAR_DOOR			
BAMBOO_DOOR			
CRIMSON_DOOR			
WARPED_DOOR			
COPPER_DOOR			
EXPOSED_COPPER_DOOR			
WEATHERED_COPPER_DOOR			
OXIDIZED_COPPER_DOOR			
WAXED_COPPER_DOOR			
WAXED_EXPOSED_COPPER_DOOR			
WAXED_WEATHERED_COPPER_DOOR			
WAXED_OXIDIZED_COPPER_DOOR			
IRON_TRAPDOOR	IRON_TRAPDOOR	0	
OAK_TRAPDOOR	TRAP_DOOR	0	
SPRUCE_TRAPDOOR			
BIRCH_TRAPDOOR			
JUNGLE_TRAPDOOR			
ACACIA_TRAPDOOR			
CHERRY_TRAPDOOR			
DARK_OAK_TRAPDOOR			
PALE_OAK_TRAPDOOR			
MANGROVE_TRAPDOOR			
POPLAR_TRAPDOOR			
BAMBOO_TRAPDOOR			
CRIMSON_TRAPDOOR			
WARPED_TRAPDOOR			
COPPER_TRAPDOOR			
EXPOSED_COPPER_TRAPDOOR			
WEATHERED_COPPER_TRAPDOOR			
OXIDIZED_COPPER_TRAPDOOR			
WAXED_COPPER_TRAPDOOR			
WAXED_EXPOSED_COPPER_TRAPDOOR			
WAXED_WEATHERED_COPPER_TRAPDOOR			
WAXED_OXIDIZED_COPPER_TRAPDOOR			
OAK_FENCE_GATE	FENCE_GATE	0	
SPRUCE_FENCE_GATE	SPRUCE_FENCE_GATE	0	
BIRCH_FENCE_GATE	BIRCH_FENCE_GATE	0	
JUNGLE_FENCE_GATE	JUNGLE_FENCE_GATE	0	
ACACIA_FENCE_GATE	ACACIA_FENCE_GATE	0	
CHERRY_FENCE_GATE			
DARK_OAK_FENCE_GATE	DARK_OAK_FENCE_GATE	0	
PALE_OAK_FENCE_GATE			
MANGROVE_FENCE_GATE			
POPLAR_FENCE_GATE			
BAMBOO_FENCE_GATE			
CRIMSON_FENCE_GATE			
WARPED_FENCE_GATE			
POWERED_RAIL	POWERED_RAIL	0	
DETECTOR_RAIL	DETECTOR_RAIL	0	
RAIL	RAILS	0	
ACTIVATOR_RAIL	ACTIVATOR_RAIL	0	
SADDLE	SADDLE	0	
WHITE_HARNESS			
ORANGE_HARNESS			
MAGENTA_HARNESS			
LIGHT_BLUE_HARNESS			
YELLOW_HARNESS			
LIME_HARNESS			
PINK_HARNESS			
GRAY_HARNESS			
LIGHT_GRAY_HARNESS			
CYAN_HARNESS			
PURPLE_HARNESS			
BLUE_HARNESS			
BROWN_HARNESS			
GREEN_HARNESS			
RED_HARNESS			
BLACK_HARNESS			
MINECART	MINECART	0	
CHEST_MINECART	STORAGE_MINECART	0	
FURNACE_MINECART	POWERED_MINECART	0	
TNT_MINECART	EXPLOSIVE_MINECART	0	
HOPPER_MINECART	HOPPER_MINECART	0	
CARROT_ON_A_STICK	CARROT_STICK	0	
WARPED_FUNGUS_ON_A_STICK			
PHANTOM_MEMBRANE			
ELYTRA	ELYTRA	0	
OAK_BOAT	BOAT	0	
OAK_CHEST_BOAT			
SPRUCE_BOAT	BOAT_SPRUCE	0	
SPRUCE_CHEST_BOAT			
BIRCH_BOAT	BOAT_BIRCH	0	
BIRCH_CHEST_BOAT			
JUNGLE_BOAT	BOAT_JUNGLE	0	
JUNGLE_CHEST_BOAT			
ACACIA_BOAT	BOAT_ACACIA	0	
ACACIA_CHEST_BOAT			
CHERRY_BOAT			
CHERRY_CHEST_BOAT			
DARK_OAK_BOAT	BOAT_DARK_OAK	0	
DARK_OAK_CHEST_BOAT			
PALE_OAK_BOAT			
PALE_OAK_CHEST_BOAT			
MANGROVE_BOAT			
MANGROVE_CHEST_BOAT			
POPLAR_BOAT			
POPLAR_CHEST_BOAT			
BAMBOO_RAFT			
BAMBOO_CHEST_RAFT			
STRUCTURE_BLOCK	STRUCTURE_BLOCK	0	
JIGSAW			
TEST_BLOCK			
TEST_INSTANCE_BLOCK			
TURTLE_HELMET			
TURTLE_SCUTE			SCUTE
ARMADILLO_SCUTE			
WOLF_ARMOR			
FLINT_AND_STEEL	FLINT_AND_STEEL	0	
BOWL	BOWL	0	
APPLE	APPLE	0	
BOW	BOW	0	
ARROW	ARROW	0	
COAL	COAL	0	
CHARCOAL	COAL	1	
DIAMOND	DIAMOND	0	
EMERALD	EMERALD	0	
LAPIS_LAZULI	INK_SACK	4	
QUARTZ	QUARTZ	0	
AMETHYST_SHARD			
RAW_IRON			
IRON_INGOT	IRON_INGOT	0	
RAW_COPPER			
COPPER_INGOT			
RAW_GOLD			
GOLD_INGOT	GOLD_INGOT	0	
NETHERITE_INGOT			
NETHERITE_SCRAP			
WOODEN_SWORD	WOOD_SWORD	0	
WOODEN_SHOVEL	WOOD_SPADE	0	
WOODEN_PICKAXE	WOOD_PICKAXE	0	
WOODEN_AXE	WOOD_AXE	0	
WOODEN_HOE	WOOD_HOE	0	
COPPER_SWORD			
COPPER_SHOVEL			
COPPER_PICKAXE			
COPPER_AXE			
COPPER_HOE			
STONE_SWORD	STONE_SWORD	0	
STONE_SHOVEL	STONE_SPADE	0	
STONE_PICKAXE	STONE_PICKAXE	0	
STONE_AXE	STONE_AXE	0	
STONE_HOE	STONE_HOE	0	
GOLDEN_SWORD	GOLD_SWORD	0	
GOLDEN_SHOVEL	GOLD_SPADE	0	
GOLDEN_PICKAXE	GOLD_PICKAXE	0	
GOLDEN_AXE	GOLD_AXE	0	
GOLDEN_HOE	GOLD_HOE	0	
IRON_SWORD	IRON_SWORD	0	
IRON_SHOVEL	IRON_SPADE	0	
IRON_PICKAXE	IRON_PICKAXE	0	
IRON_AXE	IRON_AXE	0	
IRON_HOE	IRON_HOE	0	
DIAMOND_SWORD	DIAMOND_SWORD	0	
DIAMOND_SHOVEL	DIAMOND_SPADE	0	
DIAMOND_PICKAXE	DIAMOND_PICKAXE	0	
DIAMOND_AXE	DIAMOND_AXE	0	
DIAMOND_HOE	DIAMOND_HOE	0	
NETHERITE_SWORD			
NETHERITE_SHOVEL			
NETHERITE_PICKAXE			
NETHERITE_AXE			
NETHERITE_HOE			
STICK	STICK	0	
MUSHROOM_STEW	MUSHROOM_SOUP	0	
STRING	STRING	0	
FEATHER	FEATHER	0	
GUNPOWDER	SULPHUR	0	
WHEAT_SEEDS	SEEDS	0	
WHEAT	WHEAT	0	
BREAD	BREAD	0	
LEATHER_HELMET	LEATHER_HELMET	0	
LEATHER_CHESTPLATE	LEATHER_CHESTPLATE	0	
LEATHER_LEGGINGS	LEATHER_LEGGINGS	0	
LEATHER_BOOTS	LEATHER_BOOTS	0	
COPPER_HELMET			
COPPER_CHESTPLATE			
COPPER_LEGGINGS			
COPPER_BOOTS			
CHAINMAIL_HELMET	CHAINMAIL_HELMET	0	
CHAINMAIL_CHESTPLATE	CHAINMAIL_CHESTPLATE	0	
CHAINMAIL_LEGGINGS	CHAINMAIL_LEGGINGS	0	
CHAINMAIL_BOOTS	CHAINMAIL_BOOTS	0	
IRON_HELMET	IRON_HELMET	0	
IRON_CHESTPLATE	IRON_CHESTPLATE	0	
IRON_LEGGINGS	IRON_LEGGINGS	0	
IRON_BOOTS	IRON_BOOTS	0	
DIAMOND_HELMET	DIAMOND_HELMET	0	
DIAMOND_CHESTPLATE	DIAMOND_CHESTPLATE	0	
DIAMOND_LEGGINGS	DIAMOND_LEGGINGS	0	
DIAMOND_BOOTS	DIAMOND_BOOTS	0	
GOLDEN_HELMET	GOLD_HELMET	0	
GOLDEN_CHESTPLATE	GOLD_CHESTPLATE	0	
GOLDEN_LEGGINGS	GOLD_LEGGINGS	0	
GOLDEN_BOOTS	GOLD_BOOTS	0	
NETHERITE_HELMET			
NETHERITE_CHESTPLATE			
NETHERITE_LEGGINGS			
NETHERITE_BOOTS			
FLINT	FLINT	0	
PORKCHOP	PORK	0	
COOKED_PORKCHOP	GRILLED_PORK	0	
PAINTING	PAINTING	0	
GOLDEN_APPLE	GOLDEN_APPLE	0	
ENCHANTED_GOLDEN_APPLE	GOLDEN_APPLE	1	
OAK_SIGN	SIGN	0	SIGN
SPRUCE_SIGN			
BIRCH_SIGN			
JUNGLE_SIGN			
ACACIA_SIGN			
CHERRY_SIGN			
DARK_OAK_SIGN			
PALE_OAK_SIGN			
MANGROVE_SIGN			
POPLAR_SIGN			
BAMBOO_SIGN			
CRIMSON_SIGN			
WARPED_SIGN			
OAK_HANGING_SIGN			
SPRUCE_HANGING_SIGN			
BIRCH_HANGING_SIGN			
JUNGLE_HANGING_SIGN			
ACACIA_HANGING_SIGN			
CHERRY_HANGING_SIGN			
DARK_OAK_HANGING_SIGN			
PALE_OAK_HANGING_SIGN			
MANGROVE_HANGING_SIGN			
POPLAR_HANGING_SIGN			
BAMBOO_HANGING_SIGN			
CRIMSON_HANGING_SIGN			
WARPED_HANGING_SIGN			
BUCKET	BUCKET	0	
WATER_BUCKET	WATER_BUCKET	0	
LAVA_BUCKET	LAVA_BUCKET	0	
POWDER_SNOW_BUCKET			
SNOWBALL	SNOW_BALL	0	
LEATHER	LEATHER	0	
MILK_BUCKET	MILK_BUCKET	0	
PUFFERFISH_BUCKET			
SALMON_BUCKET			
COD_BUCKET			
TROPICAL_FISH_BUCKET			
AXOLOTL_BUCKET			
SULFUR_CUBE_BUCKET			
TADPOLE_BUCKET			
BRICK	CLAY_BRICK	0	
CLAY_BALL	CLAY_BALL	0	
DRIED_KELP_BLOCK			
PAPER	PAPER	0	
BOOK	BOOK	0	
SLIME_BALL	SLIME_BALL	0	
EGG	EGG	0	
BLUE_EGG			
BROWN_EGG			
COMPASS	COMPASS	0	
RECOVERY_COMPASS			
BUNDLE			
WHITE_BUNDLE			
ORANGE_BUNDLE			
MAGENTA_BUNDLE			
LIGHT_BLUE_BUNDLE			
YELLOW_BUNDLE			
LIME_BUNDLE			
PINK_BUNDLE			
GRAY_BUNDLE			
LIGHT_GRAY_BUNDLE			
CYAN_BUNDLE			
PURPLE_BUNDLE			
BLUE_BUNDLE			
BROWN_BUNDLE			
GREEN_BUNDLE			
RED_BUNDLE			
BLACK_BUNDLE			
WHITE_CUSHION			
ORANGE_CUSHION			
MAGENTA_CUSHION			
LIGHT_BLUE_CUSHION			
YELLOW_CUSHION			
LIME_CUSHION			
PINK_CUSHION			
GRAY_CUSHION			
LIGHT_GRAY_CUSHION			
CYAN_CUSHION			
PURPLE_CUSHION			
BLUE_CUSHION			
BROWN_CUSHION			
GREEN_CUSHION			
RED_CUSHION			
BLACK_CUSHION			
FISHING_ROD	FISHING_ROD	0	
CLOCK	WATCH	0	
SPYGLASS			
GLOWSTONE_DUST	GLOWSTONE_DUST	0	
COD	RAW_FISH	0	
SALMON	RAW_FISH	1	
TROPICAL_FISH	RAW_FISH	2	
PUFFERFISH	RAW_FISH	3	
COOKED_COD	COOKED_FISH	0	
COOKED_SALMON	COOKED_FISH	1	
INK_SAC	INK_SACK	0	
GLOW_INK_SAC			
COCOA_BEANS	INK_SACK	3	
WHITE_DYE			
ORANGE_DYE	INK_SACK	14	
MAGENTA_DYE	INK_SACK	13	
LIGHT_BLUE_DYE	INK_SACK	12	
YELLOW_DYE	INK_SACK	11	DANDELION_YELLOW
LIME_DYE	INK_SACK	10	
PINK_DYE	INK_SACK	9	
GRAY_DYE	INK_SACK	8	
LIGHT_GRAY_DYE	INK_SACK	7	
CYAN_DYE	INK_SACK	6	
PURPLE_DYE	INK_SACK	5	
BLUE_DYE			
BROWN_DYE			
GREEN_DYE	INK_SACK	2	CACTUS_GREEN
RED_DYE	INK_SACK	1	ROSE_RED
BLACK_DYE			
BONE_MEAL	INK_SACK	15	
BONE	BONE	0	
SUGAR	SUGAR	0	
CAKE	CAKE	0	
WHITE_BED			
ORANGE_BED	BED	1	
MAGENTA_BED	BED	2	
LIGHT_BLUE_BED	BED	3	
YELLOW_BED	BED	4	
LIME_BED	BED	5	
PINK_BED	BED	6	
GRAY_BED	BED	7	
LIGHT_GRAY_BED	BED	8	
CYAN_BED	BED	9	
PURPLE_BED	BED	10	
BLUE_BED	BED	11	
BROWN_BED	BED	12	
GREEN_BED	BED	13	
RED_BED	BED	0	
BLACK_BED	BED	15	
STRAW_BED			
COOKIE	COOKIE	0	
CRAFTER			
FILLED_MAP	MAP	0	
OCEAN_MONUMENT_MAP			
WOODLAND_MANSION_MAP			
BURIED_TRIAL_CHAMBERS_MAP			
JUNGLE_PYRAMID_MAP			
SWAMP_HUT_MAP			
DESERT_VILLAGE_MAP			
PLAINS_VILLAGE_MAP			
SAVANNA_VILLAGE_MAP			
SNOWY_VILLAGE_MAP			
TAIGA_VILLAGE_MAP			
BURIED_TREASURE_MAP			
BURIED_ANCIENT_CITY_MAP			
BURIED_MINESHAFT_MAP			
DESERT_PYRAMID_MAP			
ABANDONED_CAMP_MAP			
WARM_OCEAN_RUINS_MAP			
SHEARS	SHEARS	0	
MELON_SLICE	MELON	0	
DRIED_KELP			
PUMPKIN_SEEDS	PUMPKIN_SEEDS	0	
MELON_SEEDS	MELON_SEEDS	0	
BEEF	RAW_BEEF	0	
COOKED_BEEF	COOKED_BEEF	0	
CHICKEN	RAW_CHICKEN	0	
COOKED_CHICKEN	COOKED_CHICKEN	0	
ROTTEN_FLESH	ROTTEN_FLESH	0	
ENDER_PEARL	ENDER_PEARL	0	
BLAZE_ROD	BLAZE_ROD	0	
GHAST_TEAR	GHAST_TEAR	0	
GOLD_NUGGET	GOLD_NUGGET	0	
NETHER_WART	NETHER_STALK	0	
GLASS_BOTTLE	GLASS_BOTTLE	0	
POTION	POTION	0	
SPIDER_EYE	SPIDER_EYE	0	
FERMENTED_SPIDER_EYE	FERMENTED_SPIDER_EYE	0	
BLAZE_POWDER	BLAZE_POWDER	0	
MAGMA_CREAM	MAGMA_CREAM	0	
BREWING_STAND	BREWING_STAND_ITEM	0	
CAULDRON	CAULDRON_ITEM	0	
ENDER_EYE	EYE_OF_ENDER	0	
GLISTERING_MELON_SLICE	SPECKLED_MELON	0	
CHICKEN_SPAWN_EGG	MONSTER_EGG	93	
COW_SPAWN_EGG	MONSTER_EGG	92	
PIG_SPAWN_EGG	MONSTER_EGG	90	
SHEEP_SPAWN_EGG	MONSTER_EGG	91	
CAMEL_SPAWN_EGG			
DONKEY_SPAWN_EGG	MONSTER_EGG	31	
HORSE_SPAWN_EGG	MONSTER_EGG	100	
MULE_SPAWN_EGG	MONSTER_EGG	32	
CAT_SPAWN_EGG			
PARROT_SPAWN_EGG	MONSTER_EGG	105	
WOLF_SPAWN_EGG	MONSTER_EGG	95	
ARMADILLO_SPAWN_EGG			
BAT_SPAWN_EGG	MONSTER_EGG	65	
BEE_SPAWN_EGG			
FOX_SPAWN_EGG			
GOAT_SPAWN_EGG			
LLAMA_SPAWN_EGG	MONSTER_EGG	103	
OCELOT_SPAWN_EGG	MONSTER_EGG	98	
PANDA_SPAWN_EGG			
POLAR_BEAR_SPAWN_EGG	MONSTER_EGG	102	
RABBIT_SPAWN_EGG	MONSTER_EGG	101	
AXOLOTL_SPAWN_EGG			
COD_SPAWN_EGG			
DOLPHIN_SPAWN_EGG			
FROG_SPAWN_EGG			
GLOW_SQUID_SPAWN_EGG			
NAUTILUS_SPAWN_EGG			
PUFFERFISH_SPAWN_EGG			
SALMON_SPAWN_EGG			
SQUID_SPAWN_EGG	MONSTER_EGG	94	
TADPOLE_SPAWN_EGG			
TROPICAL_FISH_SPAWN_EGG			
TURTLE_SPAWN_EGG	MONSTER_EGG	255	
ALLAY_SPAWN_EGG			
MOOSHROOM_SPAWN_EGG	MONSTER_EGG	96	
SNIFFER_SPAWN_EGG			
SULFUR_CUBE_SPAWN_EGG			
COPPER_GOLEM_SPAWN_EGG			
IRON_GOLEM_SPAWN_EGG			
SNOW_GOLEM_SPAWN_EGG			
TRADER_LLAMA_SPAWN_EGG			
VILLAGER_SPAWN_EGG	MONSTER_EGG	120	
WANDERING_TRADER_SPAWN_EGG			
BOGGED_SPAWN_EGG			
CAMEL_HUSK_SPAWN_EGG			
DROWNED_SPAWN_EGG			
HUSK_SPAWN_EGG	MONSTER_EGG	23	
PARCHED_SPAWN_EGG			
SKELETON_SPAWN_EGG	MONSTER_EGG	51	
SKELETON_HORSE_SPAWN_EGG	MONSTER_EGG	28	
STRAY_SPAWN_EGG	MONSTER_EGG	6	
WITHER_SPAWN_EGG			
WITHER_SKELETON_SPAWN_EGG	MONSTER_EGG	5	
ZOMBIE_SPAWN_EGG	MONSTER_EGG	54	
ZOMBIE_HORSE_SPAWN_EGG	MONSTER_EGG	29	
ZOMBIE_NAUTILUS_SPAWN_EGG			
ZOMBIE_VILLAGER_SPAWN_EGG	MONSTER_EGG	27	
CAVE_SPIDER_SPAWN_EGG	MONSTER_EGG	59	
SPIDER_SPAWN_EGG	MONSTER_EGG	52	
BREEZE_SPAWN_EGG			
CREAKING_SPAWN_EGG			
CREEPER_SPAWN_EGG	MONSTER_EGG	50	
ELDER_GUARDIAN_SPAWN_EGG	MONSTER_EGG	4	
GUARDIAN_SPAWN_EGG	MONSTER_EGG	68	
PHANTOM_SPAWN_EGG			
SILVERFISH_SPAWN_EGG	MONSTER_EGG	60	
SLIME_SPAWN_EGG	MONSTER_EGG	55	
WARDEN_SPAWN_EGG			
WITCH_SPAWN_EGG	MONSTER_EGG	66	
EVOKER_SPAWN_EGG	MONSTER_EGG	34	
PILLAGER_SPAWN_EGG			
RAVAGER_SPAWN_EGG			
VINDICATOR_SPAWN_EGG	MONSTER_EGG	36	
VEX_SPAWN_EGG	MONSTER_EGG	35	
BLAZE_SPAWN_EGG	MONSTER_EGG	61	
GHAST_SPAWN_EGG	MONSTER_EGG	56	
HAPPY_GHAST_SPAWN_EGG			
HOGLIN_SPAWN_EGG			
MAGMA_CUBE_SPAWN_EGG	MONSTER_EGG	62	
PIGLIN_SPAWN_EGG			
PIGLIN_BRUTE_SPAWN_EGG			
STRIDER_SPAWN_EGG			
ZOGLIN_SPAWN_EGG			
ZOMBIFIED_PIGLIN_SPAWN_EGG	MONSTER_EGG	57	ZOMBIE_PIGMAN_SPAWN_EGG
ENDER_DRAGON_SPAWN_EGG			
ENDERMAN_SPAWN_EGG	MONSTER_EGG	58	
ENDERMITE_SPAWN_EGG	MONSTER_EGG	67	
SHULKER_SPAWN_EGG	MONSTER_EGG	69	
EXPERIENCE_BOTTLE	EXP_BOTTLE	0	
FIRE_CHARGE	FIREBALL	0	
WIND_CHARGE			
WRITABLE_BOOK	BOOK_AND_QUILL	0	
WRITTEN_BOOK	WRITTEN_BOOK	0	
BREEZE_ROD			
MACE			
ITEM_FRAME	ITEM_FRAME	0	
GLOW_ITEM_FRAME			
FLOWER_POT	FLOWER_POT_ITEM	0	
CARROT	CARROT_ITEM	0	
POTATO	POTATO_ITEM	0	
BAKED_POTATO	BAKED_POTATO	0	
POISONOUS_POTATO	POISONOUS_POTATO	0	
MAP	EMPTY_MAP	0	
GOLDEN_CARROT	GOLDEN_CARROT	0	
SKELETON_SKULL	SKULL_ITEM	0	
WITHER_SKELETON_SKULL	SKULL_ITEM	1	
PLAYER_HEAD	SKULL_ITEM	3	
ZOMBIE_HEAD	SKULL_ITEM	2	
CREEPER_HEAD	SKULL_ITEM	4	
DRAGON_HEAD	SKULL_ITEM	5	
PIGLIN_HEAD			
NETHER_STAR	NETHER_STAR	0	
PUMPKIN_PIE	PUMPKIN_PIE	0	
FIREWORK_ROCKET	FIREWORK	0	
FIREWORK_STAR	FIREWORK_CHARGE	0	
ENCHANTED_BOOK	ENCHANTED_BOOK	0	
NETHER_BRICK	NETHER_BRICK_ITEM	0	
RESIN_BRICK			
PRISMARINE_SHARD	PRISMARINE_SHARD	0	
PRISMARINE_CRYSTALS	PRISMARINE_CRYSTALS	0	
RABBIT	RABBIT	0	
COOKED_RABBIT	COOKED_RABBIT	0	
RABBIT_STEW	RABBIT_STEW	0	
RABBIT_FOOT	RABBIT_FOOT	0	
RABBIT_HIDE	RABBIT_HIDE	0	
ARMOR_STAND	ARMOR_STAND	0	
COPPER_HORSE_ARMOR			
IRON_HORSE_ARMOR	IRON_BARDING	0	
GOLDEN_HORSE_ARMOR	GOLD_BARDING	0	
DIAMOND_HORSE_ARMOR	DIAMOND_BARDING	0	
NETHERITE_HORSE_ARMOR			
LEATHER_HORSE_ARMOR			
LEAD	LEASH	0	
NAME_TAG	NAME_TAG	0	
COMMAND_BLOCK_MINECART	COMMAND_MINECART	0	
MUTTON	MUTTON	0	
COOKED_MUTTON	COOKED_MUTTON	0	
WHITE_BANNER	BANNER	15	
ORANGE_BANNER	BANNER	14	
MAGENTA_BANNER	BANNER	13	
LIGHT_BLUE_BANNER	BANNER	12	
YELLOW_BANNER	BANNER	11	
LIME_BANNER	BANNER	10	
PINK_BANNER	BANNER	9	
GRAY_BANNER	BANNER	8	
LIGHT_GRAY_BANNER	BANNER	7	
CYAN_BANNER	BANNER	6	
PURPLE_BANNER	BANNER	5	
BLUE_BANNER	BANNER	4	
BROWN_BANNER	BANNER	3	
GREEN_BANNER	BANNER	2	
RED_BANNER	BANNER	1	
BLACK_BANNER	BANNER	0	
END_CRYSTAL	END_CRYSTAL	0	
CHORUS_FRUIT	CHORUS_FRUIT	0	
POPPED_CHORUS_FRUIT	CHORUS_FRUIT_POPPED	0	
TORCHFLOWER_SEEDS			
PITCHER_POD			
BEETROOT	BEETROOT	0	
BEETROOT_SEEDS	BEETROOT_SEEDS	0	
BEETROOT_SOUP	BEETROOT_SOUP	0	
DRAGON_BREATH	DRAGONS_BREATH	0	
SPLASH_POTION	SPLASH_POTION	0	
SPECTRAL_ARROW	SPECTRAL_ARROW	0	
TIPPED_ARROW	TIPPED_ARROW	0	
LINGERING_POTION	LINGERING_POTION	0	
SHIELD	SHIELD	0	
WOODEN_SPEAR			
STONE_SPEAR			
COPPER_SPEAR			
IRON_SPEAR			
GOLDEN_SPEAR			
DIAMOND_SPEAR			
NETHERITE_SPEAR			
TOTEM_OF_UNDYING	TOTEM	0	
SHULKER_SHELL	SHULKER_SHELL	0	
IRON_NUGGET	IRON_NUGGET	0	
COPPER_NUGGET			
KNOWLEDGE_BOOK	KNOWLEDGE_BOOK	0	
DEBUG_STICK			
MUSIC_DISC_13	GOLD_RECORD	0	
MUSIC_DISC_CAT	GREEN_RECORD	0	
MUSIC_DISC_BLOCKS	RECORD_3	0	
MUSIC_DISC_BOUNCE			
MUSIC_DISC_CHIRP	RECORD_4	0	
MUSIC_DISC_CREATOR			
MUSIC_DISC_CREATOR_MUSIC_BOX			
MUSIC_DISC_FAR	RECORD_5	0	
MUSIC_DISC_LAVA_CHICKEN			
MUSIC_DISC_MALL	RECORD_6	0	
MUSIC_DISC_MELLOHI	RECORD_7	0	
MUSIC_DISC_STAL	RECORD_8	0	
MUSIC_DISC_STRAD	RECORD_9	0	
MUSIC_DISC_WARD	RECORD_10	0	
MUSIC_DISC_11	RECORD_11	0	
MUSIC_DISC_WAIT	RECORD_12	0	
MUSIC_DISC_OTHERSIDE			
MUSIC_DISC_RELIC			
MUSIC_DISC_5			
MUSIC_DISC_PIGSTEP			
MUSIC_DISC_PRECIPICE			
MUSIC_DISC_TEARS			
DISC_FRAGMENT_5			
TRIDENT			
NAUTILUS_SHELL			
IRON_NAUTILUS_ARMOR			
GOLDEN_NAUTILUS_ARMOR			
DIAMOND_NAUTILUS_ARMOR			
NETHERITE_NAUTILUS_ARMOR			
COPPER_NAUTILUS_ARMOR			
HEART_OF_THE_SEA			
CROSSBOW			
SUSPICIOUS_STEW			
LOOM			
FLOWER_BANNER_PATTERN			
CREEPER_BANNER_PATTERN			
SKULL_BANNER_PATTERN			
MOJANG_BANNER_PATTERN			
GLOBE_BANNER_PATTERN			
PIGLIN_BANNER_PATTERN			
FLOW_BANNER_PATTERN			
GUSTER_BANNER_PATTERN			
FIELD_MASONED_BANNER_PATTERN			
BORDURE_INDENTED_BANNER_PATTERN			
GOAT_HORN			
COMPOSTER			
BARREL			
SMOKER			
BLAST_FURNACE			
CARTOGRAPHY_TABLE			
FLETCHING_TABLE			
GRINDSTONE			
SMITHING_TABLE			
STONECUTTER			
BELL			
LANTERN			
SOUL_LANTERN			
COPPER_LANTERN			
EXPOSED_COPPER_LANTERN			
WEATHERED_COPPER_LANTERN			
OXIDIZED_COPPER_LANTERN			
WAXED_COPPER_LANTERN			
WAXED_EXPOSED_COPPER_LANTERN			
WAXED_WEATHERED_COPPER_LANTERN			
WAXED_OXIDIZED_COPPER_LANTERN			
SWEET_BERRIES			
GLOW_BERRIES			
CAMPFIRE			
SOUL_CAMPFIRE			
SHROOMLIGHT			
HONEYCOMB			
BEE_NEST			
BEEHIVE			
HONEY_BOTTLE			
HONEYCOMB_BLOCK			
LODESTONE			
CRYING_OBSIDIAN			
BLACKSTONE			
BLACKSTONE_SLAB			
BLACKSTONE_STAIRS			
GILDED_BLACKSTONE			
POLISHED_BLACKSTONE			
POLISHED_BLACKSTONE_SLAB			
POLISHED_BLACKSTONE_STAIRS			
CHISELED_POLISHED_BLACKSTONE			
POLISHED_BLACKSTONE_BRICKS			
POLISHED_BLACKSTONE_BRICK_SLAB			
POLISHED_BLACKSTONE_BRICK_STAIRS			
CRACKED_POLISHED_BLACKSTONE_BRICKS			
RESPAWN_ANCHOR			
CANDLE			
WHITE_CANDLE			
ORANGE_CANDLE			
MAGENTA_CANDLE			
LIGHT_BLUE_CANDLE			
YELLOW_CANDLE			
LIME_CANDLE			
PINK_CANDLE			
GRAY_CANDLE			
LIGHT_GRAY_CANDLE			
CYAN_CANDLE			
PURPLE_CANDLE			
BLUE_CANDLE			
BROWN_CANDLE			
GREEN_CANDLE			
RED_CANDLE			
BLACK_CANDLE			
SMALL_AMETHYST_BUD			
MEDIUM_AMETHYST_BUD			
LARGE_AMETHYST_BUD			
AMETHYST_CLUSTER			
POINTED_DRIPSTONE			
SULFUR_SPIKE			
OCHRE_FROGLIGHT			
VERDANT_FROGLIGHT			
PEARLESCENT_FROGLIGHT			
FROGSPAWN			
ECHO_SHARD			
BRUSH			
NETHERITE_UPGRADE_SMITHING_TEMPLATE			
SENTRY_ARMOR_TRIM_SMITHING_TEMPLATE			
DUNE_ARMOR_TRIM_SMITHING_TEMPLATE			
COAST_ARMOR_TRIM_SMITHING_TEMPLATE			
WILD_ARMOR_TRIM_SMITHING_TEMPLATE			
WARD_ARMOR_TRIM_SMITHING_TEMPLATE			
EYE_ARMOR_TRIM_SMITHING_TEMPLATE			
VEX_ARMOR_TRIM_SMITHING_TEMPLATE			
TIDE_ARMOR_TRIM_SMITHING_TEMPLATE			
SNOUT_ARMOR_TRIM_SMITHING_TEMPLATE			
RIB_ARMOR_TRIM_SMITHING_TEMPLATE			
SPIRE_ARMOR_TRIM_SMITHING_TEMPLATE			
WAYFINDER_ARMOR_TRIM_SMITHING_TEMPLATE			
SHAPER_ARMOR_TRIM_SMITHING_TEMPLATE			
SILENCE_ARMOR_TRIM_SMITHING_TEMPLATE			
RAISER_ARMOR_TRIM_SMITHING_TEMPLATE			
HOST_ARMOR_TRIM_SMITHING_TEMPLATE			
FLOW_ARMOR_TRIM_SMITHING_TEMPLATE			
BOLT_ARMOR_TRIM_SMITHING_TEMPLATE			
ANGLER_POTTERY_SHERD			
ARCHER_POTTERY_SHERD			POTTERY_SHARD_ARCHER
ARMS_UP_POTTERY_SHERD			POTTERY_SHARD_ARMS_UP
BLADE_POTTERY_SHERD			
BREWER_POTTERY_SHERD			
BURN_POTTERY_SHERD			
DANGER_POTTERY_SHERD			
EXPLORER_POTTERY_SHERD			
FLOW_POTTERY_SHERD			
FRIEND_POTTERY_SHERD			
GUSTER_POTTERY_SHERD			
HEART_POTTERY_SHERD			
HEARTBREAK_POTTERY_SHERD			
HOWL_POTTERY_SHERD			
MINER_POTTERY_SHERD			
MOURNER_POTTERY_SHERD			
PLENTY_POTTERY_SHERD			
PRIZE_POTTERY_SHERD			POTTERY_SHARD_PRIZE
SCRAPE_POTTERY_SHERD			
SHEAF_POTTERY_SHERD			
SHELTER_POTTERY_SHERD			
SKULL_POTTERY_SHERD			POTTERY_SHARD_SKULL
SNORT_POTTERY_SHERD			
COPPER_GRATE			
EXPOSED_COPPER_GRATE			
WEATHERED_COPPER_GRATE			
OXIDIZED_COPPER_GRATE			
WAXED_COPPER_GRATE			
WAXED_EXPOSED_COPPER_GRATE			
WAXED_WEATHERED_COPPER_GRATE			
WAXED_OXIDIZED_COPPER_GRATE			
COPPER_BULB			
EXPOSED_COPPER_BULB			
WEATHERED_COPPER_BULB			
OXIDIZED_COPPER_BULB			
WAXED_COPPER_BULB			
WAXED_EXPOSED_COPPER_BULB			
WAXED_WEATHERED_COPPER_BULB			
WAXED_OXIDIZED_COPPER_BULB			
COPPER_CHEST			
EXPOSED_COPPER_CHEST			
WEATHERED_COPPER_CHEST			
OXIDIZED_COPPER_CHEST			
WAXED_COPPER_CHEST			
WAXED_EXPOSED_COPPER_CHEST			
WAXED_WEATHERED_COPPER_CHEST			
WAXED_OXIDIZED_COPPER_CHEST			
COPPER_GOLEM_STATUE			
EXPOSED_COPPER_GOLEM_STATUE			
WEATHERED_COPPER_GOLEM_STATUE			
OXIDIZED_COPPER_GOLEM_STATUE			
WAXED_COPPER_GOLEM_STATUE			
WAXED_EXPOSED_COPPER_GOLEM_STATUE			
WAXED_WEATHERED_COPPER_GOLEM_STATUE			
WAXED_OXIDIZED_COPPER_GOLEM_STATUE			
TRIAL_SPAWNER			
TRIAL_KEY			
OMINOUS_TRIAL_KEY			
VAULT			
OMINOUS_BOTTLE			
WATER	WATER	0	
LAVA	LAVA	0	
TALL_SEAGRASS			
PISTON_HEAD	PISTON_EXTENSION	0	
MOVING_PISTON	PISTON_MOVING_PIECE	0	
WALL_TORCH	TORCH	1	
FIRE	FIRE	0	
SOUL_FIRE			
REDSTONE_WIRE	REDSTONE_WIRE	0	
OAK_WALL_SIGN	WALL_SIGN	2	WALL_SIGN
SPRUCE_WALL_SIGN			
BIRCH_WALL_SIGN			
ACACIA_WALL_SIGN			
CHERRY_WALL_SIGN			
JUNGLE_WALL_SIGN			
DARK_OAK_WALL_SIGN			
PALE_OAK_WALL_SIGN			
MANGROVE_WALL_SIGN			
POPLAR_WALL_SIGN			
BAMBOO_WALL_SIGN			
OAK_WALL_HANGING_SIGN			
SPRUCE_WALL_HANGING_SIGN			
BIRCH_WALL_HANGING_SIGN			
ACACIA_WALL_HANGING_SIGN			
CHERRY_WALL_HANGING_SIGN			
JUNGLE_WALL_HANGING_SIGN			
DARK_OAK_WALL_HANGING_SIGN			
PALE_OAK_WALL_HANGING_SIGN			
MANGROVE_WALL_HANGING_SIGN			
POPLAR_WALL_HANGING_SIGN			
CRIMSON_WALL_HANGING_SIGN			
WARPED_WALL_HANGING_SIGN			
BAMBOO_WALL_HANGING_SIGN			
REDSTONE_WALL_TORCH	REDSTONE_TORCH_OFF	1	
SOUL_WALL_TORCH			
COPPER_WALL_TORCH			
NETHER_PORTAL	PORTAL	0	
ATTACHED_PUMPKIN_STEM			
ATTACHED_MELON_STEM			
PUMPKIN_STEM	PUMPKIN_STEM	0	
MELON_STEM	MELON_STEM	0	
WATER_CAULDRON			
LAVA_CAULDRON			
POWDER_SNOW_CAULDRON			
END_PORTAL	ENDER_PORTAL	0	
COCOA	COCOA	0	
TRIPWIRE	TRIPWIRE	0	
POTTED_TORCHFLOWER			
POTTED_OAK_SAPLING			
POTTED_SPRUCE_SAPLING			
POTTED_BIRCH_SAPLING			
POTTED_JUNGLE_SAPLING			
POTTED_ACACIA_SAPLING			
POTTED_CHERRY_SAPLING			
POTTED_DARK_OAK_SAPLING			
POTTED_PALE_OAK_SAPLING			
POTTED_POPLAR_SAPLING			
POTTED_MANGROVE_PROPAGULE			
POTTED_FERN			
POTTED_DANDELION			
POTTED_GOLDEN_DANDELION			
POTTED_POPPY			
POTTED_BLUE_ORCHID			
POTTED_ALLIUM			
POTTED_AZURE_BLUET			
POTTED_RED_TULIP			
POTTED_ORANGE_TULIP			
POTTED_WHITE_TULIP			
POTTED_PINK_TULIP			
POTTED_OXEYE_DAISY			
POTTED_CORNFLOWER			
POTTED_LILY_OF_THE_VALLEY			
POTTED_WITHER_ROSE			
POTTED_RED_MUSHROOM			
POTTED_BROWN_MUSHROOM			
POTTED_DEAD_BUSH			
POTTED_CACTUS	FLOWER_POT	0	
CARROTS	CARROT	0	
POTATOES	POTATO	0	
SKELETON_WALL_SKULL			
WITHER_SKELETON_WALL_SKULL			
ZOMBIE_WALL_HEAD			
PLAYER_WALL_HEAD			
CREEPER_WALL_HEAD			
DRAGON_WALL_HEAD			
PIGLIN_WALL_HEAD			
WHITE_WALL_BANNER	WALL_BANNER	2	
ORANGE_WALL_BANNER			
MAGENTA_WALL_BANNER			
LIGHT_BLUE_WALL_BANNER			
YELLOW_WALL_BANNER			
LIME_WALL_BANNER			
PINK_WALL_BANNER			
GRAY_WALL_BANNER			
LIGHT_GRAY_WALL_BANNER			
CYAN_WALL_BANNER			
PURPLE_WALL_BANNER			
BLUE_WALL_BANNER			
BROWN_WALL_BANNER			
GREEN_WALL_BANNER			
RED_WALL_BANNER			
BLACK_WALL_BANNER			
TORCHFLOWER_CROP			
PITCHER_CROP			
BEETROOTS	BEETROOT_BLOCK	0	
END_GATEWAY	END_GATEWAY	0	
FROSTED_ICE	FROSTED_ICE	0	
KELP_PLANT			
DEAD_TUBE_CORAL_WALL_FAN			
DEAD_BRAIN_CORAL_WALL_FAN			
DEAD_BUBBLE_CORAL_WALL_FAN			
DEAD_FIRE_CORAL_WALL_FAN			
DEAD_HORN_CORAL_WALL_FAN			
TUBE_CORAL_WALL_FAN			
BRAIN_CORAL_WALL_FAN			
BUBBLE_CORAL_WALL_FAN			
FIRE_CORAL_WALL_FAN			
HORN_CORAL_WALL_FAN			
BAMBOO_SAPLING			
POTTED_BAMBOO			
VOID_AIR			
CAVE_AIR			
BUBBLE_COLUMN			
SWEET_BERRY_BUSH			
WEEPING_VINES_PLANT			
TWISTING_VINES_PLANT			
CRIMSON_WALL_SIGN			
WARPED_WALL_SIGN			
POTTED_CRIMSON_FUNGUS			
POTTED_WARPED_FUNGUS			
POTTED_CRIMSON_ROOTS			
POTTED_WARPED_ROOTS			
CANDLE_CAKE			
WHITE_CANDLE_CAKE			
ORANGE_CANDLE_CAKE			
MAGENTA_CANDLE_CAKE			
LIGHT_BLUE_CANDLE_CAKE			
YELLOW_CANDLE_CAKE			
LIME_CANDLE_CAKE			
PINK_CANDLE_CAKE			
GRAY_CANDLE_CAKE			
LIGHT_GRAY_CANDLE_CAKE			
CYAN_CANDLE_CAKE			
PURPLE_CANDLE_CAKE			
BLUE_CANDLE_CAKE			
BROWN_CANDLE_CAKE			
GREEN_CANDLE_CAKE			
RED_CANDLE_CAKE			
BLACK_CANDLE_CAKE			
POWDER_SNOW			
CAVE_VINES			
CAVE_VINES_PLANT			
BIG_DRIPLEAF_STEM			
POTTED_AZALEA_BUSH			
POTTED_FLOWERING_AZALEA_BUSH			
POTTED_OPEN_EYEBLOSSOM			
POTTED_CLOSED_EYEBLOSSOM			
