# name	older names, newest first	older names matched as this	key	first revision	extra
# Generated by scripts/registry-report/generate.py, do not edit.
ANGRY_VILLAGER	VILLAGER_ANGRY	VILLAGER_ANGRY	angry_villager	V1_8_R1	
ASH			ash	V1_16_R1	
BLOCK	BLOCK_CRACK,BLOCK_DUST	BLOCK_CRACK,BLOCK_DUST	block	V1_8_R1	
BLOCK_CRUMBLE			block_crumble	V1_21_R2	
BLOCK_MARKER			block_marker	V1_18_R1	
BUBBLE	WATER_BUBBLE	WATER_BUBBLE	bubble	V1_8_R1	
BUBBLE_COLUMN_UP			bubble_column_up	V1_13_R1	
BUBBLE_POP			bubble_pop	V1_13_R1	
CAMPFIRE_COSY_SMOKE			campfire_cosy_smoke	V1_14_R1	
CAMPFIRE_SIGNAL_SMOKE			campfire_signal_smoke	V1_14_R1	
CHERRY_LEAVES			cherry_leaves	V1_20_R1	
CLOUD			cloud	V1_8_R1	
COMPOSTER			composter	V1_14_R1	
COPPER_FIRE_FLAME			copper_fire_flame	V1_21_R6	
CRIMSON_SPORE			crimson_spore	V1_16_R1	
CRIT			crit	V1_8_R1	
CURRENT_DOWN			current_down	V1_13_R1	
DAMAGE_INDICATOR			damage_indicator	V1_9_R1	
DOLPHIN			dolphin	V1_13_R1	
DRAGON_BREATH			dragon_breath	V1_9_R1	
DRIPPING_DRIPSTONE_LAVA			dripping_dripstone_lava	V1_17_R1	
DRIPPING_DRIPSTONE_WATER			dripping_dripstone_water	V1_17_R1	
DRIPPING_HONEY			dripping_honey	V1_15_R1	
DRIPPING_LAVA	DRIP_LAVA	DRIP_LAVA	dripping_lava	V1_8_R1	
DRIPPING_OBSIDIAN_TEAR			dripping_obsidian_tear	V1_16_R1	
DRIPPING_WATER	DRIP_WATER	DRIP_WATER	dripping_water	V1_8_R1	
DUST	REDSTONE	REDSTONE	dust	V1_8_R1	
DUST_COLOR_TRANSITION			dust_color_transition	V1_17_R1	
DUST_PILLAR			dust_pillar	V1_20_R4	
DUST_PLUME			dust_plume	V1_20_R3	
EFFECT	SPELL	SPELL	effect	V1_8_R1	
EGG_CRACK			egg_crack	V1_20_R1	
ELDER_GUARDIAN	MOB_APPEARANCE	MOB_APPEARANCE	elder_guardian	V1_8_R1	
ELECTRIC_SPARK			electric_spark	V1_17_R1	
ENCHANT	ENCHANTMENT_TABLE	ENCHANTMENT_TABLE	enchant	V1_8_R1	
ENCHANTED_HIT	CRIT_MAGIC	CRIT_MAGIC	enchanted_hit	V1_8_R1	
END_ROD			end_rod	V1_9_R1	
ENTITY_EFFECT	SPELL_MOB	SPELL_MOB	entity_effect	V1_8_R1	
EXPLOSION	EXPLOSION_LARGE	EXPLOSION_LARGE	explosion	V1_8_R1	
EXPLOSION_EMITTER	EXPLOSION_HUGE	EXPLOSION_HUGE	explosion_emitter	V1_8_R1	
FALLING_DRIPSTONE_LAVA			falling_dripstone_lava	V1_17_R1	
FALLING_DRIPSTONE_WATER			falling_dripstone_water	V1_17_R1	
FALLING_DUST			falling_dust	V1_10_R1	
FALLING_HONEY			falling_honey	V1_15_R1	
FALLING_LAVA			falling_lava	V1_14_R1	
FALLING_NECTAR			falling_nectar	V1_15_R1	
FALLING_OBSIDIAN_TEAR			falling_obsidian_tear	V1_16_R1	
FALLING_SPORE_BLOSSOM			falling_spore_blossom	V1_17_R1	
FALLING_WATER			falling_water	V1_14_R1	
FIREFLY			firefly	V1_21_R4	
FIREWORK	FIREWORKS_SPARK	FIREWORKS_SPARK	firework	V1_8_R1	
FISHING	WATER_WAKE	WATER_WAKE	fishing	V1_8_R1	
FLAME			flame	V1_8_R1	
FLASH			flash	V1_14_R1	
GEYSER			geyser	V26_2	
GEYSER_BASE			geyser_base	V26_2	
GEYSER_PLUME			geyser_plume	V26_2	
GEYSER_POOF			geyser_poof	V26_2	
GLOW			glow	V1_17_R1	
GLOW_SQUID_INK			glow_squid_ink	V1_17_R1	
GUST			gust	V1_20_R3	
GUST_EMITTER_LARGE	GUST_EMITTER	GUST_EMITTER	gust_emitter_large	V1_20_R3	
GUST_EMITTER_SMALL			gust_emitter_small	V1_20_R4	
HAPPY_VILLAGER	VILLAGER_HAPPY	VILLAGER_HAPPY	happy_villager	V1_8_R1	
HEART			heart	V1_8_R1	
INFESTED			infested	V1_20_R4	
INSTANT_EFFECT	SPELL_INSTANT	SPELL_INSTANT	instant_effect	V1_8_R1	
ITEM	ITEM_CRACK	ITEM_CRACK	item	V1_8_R1	
ITEM_COBWEB			item_cobweb	V1_20_R4	
ITEM_SLIME	SLIME	SLIME	item_slime	V1_8_R1	
ITEM_SNOWBALL	SNOWBALL,SNOW_SHOVEL	SNOWBALL,SNOW_SHOVEL	item_snowball	V1_8_R1	
LANDING_HONEY			landing_honey	V1_15_R1	
LANDING_LAVA			landing_lava	V1_14_R1	
LANDING_OBSIDIAN_TEAR			landing_obsidian_tear	V1_16_R1	
LARGE_SMOKE	SMOKE_LARGE	SMOKE_LARGE	large_smoke	V1_8_R1	
LAVA			lava	V1_8_R1	
MYCELIUM	TOWN_AURA	TOWN_AURA	mycelium	V1_8_R1	
NAUTILUS			nautilus	V1_13_R1	
NOTE			note	V1_8_R1	
NOXIOUS_GAS			noxious_gas	V26_2	
NOXIOUS_GAS_CLOUD			noxious_gas_cloud	V26_2	
OMINOUS_SPAWNING			ominous_spawning	V1_20_R4	
ORANGE_POPLAR_LEAVES			orange_poplar_leaves	V26_3	
PALE_OAK_LEAVES			pale_oak_leaves	V1_21_R3	
PAUSE_MOB_GROWTH			pause_mob_growth	V26_1	
POOF	EXPLOSION_NORMAL	EXPLOSION_NORMAL	poof	V1_8_R1	
PORTAL			portal	V1_8_R1	
RAID_OMEN			raid_omen	V1_20_R4	
RAIN	WATER_DROP	WATER_DROP	rain	V1_8_R1	
RED_POPLAR_LEAVES			red_poplar_leaves	V26_3	
RESET_MOB_GROWTH			reset_mob_growth	V26_1	
REVERSE_PORTAL			reverse_portal	V1_16_R1	
SCRAPE			scrape	V1_17_R1	
SCULK_CHARGE			sculk_charge	V1_19_R1	
SCULK_CHARGE_POP			sculk_charge_pop	V1_19_R1	
SCULK_SOUL			sculk_soul	V1_19_R1	
SHRIEK			shriek	V1_19_R1	
SMALL_FLAME			small_flame	V1_17_R1	
SMALL_GUST			small_gust	V1_20_R4	
SMOKE	SMOKE_NORMAL	SMOKE_NORMAL	smoke	V1_8_R1	
SNEEZE			sneeze	V1_14_R1	
SNOWFLAKE			snowflake	V1_17_R1	
SONIC_BOOM			sonic_boom	V1_19_R1	
SOUL			soul	V1_16_R1	
SOUL_FIRE_FLAME			soul_fire_flame	V1_16_R1	
SPIT			spit	V1_11_R1	
SPLASH	WATER_SPLASH	WATER_SPLASH	splash	V1_8_R1	
SPORE_BLOSSOM_AIR			spore_blossom_air	V1_17_R1	
SQUID_INK			squid_ink	V1_13_R1	
SULFUR_BUBBLES			sulfur_bubbles	V26_2	
SULFUR_CUBE_GOO			sulfur_cube_goo	V26_2	
SWEEP_ATTACK			sweep_attack	V1_9_R1	
TINTED_LEAVES			tinted_leaves	V1_21_R4	
TOTEM_OF_UNDYING	TOTEM	TOTEM	totem_of_undying	V1_11_R1	
TRAIL			trail	V1_21_R2	
TRIAL_OMEN			trial_omen	V1_20_R4	
TRIAL_SPAWNER_DETECTION			trial_spawner_detection	V1_20_R3	
TRIAL_SPAWNER_DETECTION_OMINOUS			trial_spawner_detection_ominous	V1_20_R4	
UNDERWATER	SUSPENDED,SUSPENDED_DEPTH	SUSPENDED,SUSPENDED_DEPTH	underwater	V1_8_R1	
VAULT_CONNECTION			vault_connection	V1_20_R4	
VIBRATION			vibration	V1_17_R1	
WARPED_SPORE			warped_spore	V1_16_R1	
WAX_OFF			wax_off	V1_17_R1	
WAX_ON			wax_on	V1_17_R1	
WHITE_ASH			white_ash	V1_16_R1	
WHITE_SMOKE			white_smoke	V1_20_R3	
WITCH	SPELL_WITCH	SPELL_WITCH	witch	V1_8_R1	
YELLOW_POPLAR_LEAVES			yellow_poplar_leaves	V26_3	
